<?xml version="1.0" encoding="UTF-8"?>
<metadata xml:lang="en"><Esri><CreaDate>20240705</CreaDate><CreaTime>11433600</CreaTime><ArcGISFormat>1.0</ArcGISFormat><SyncOnce>TRUE</SyncOnce><DataProperties><lineage><Process ToolSource="c:\program files (x86)\arcgis\desktop10.8\ArcToolbox\Toolboxes\Spatial Analyst Tools.tbx\Reclassify" Date="20240705" Time="114336">Reclassify Flow_dir.tif Count "1 21 1;21 44 2;44 163 3;163 8266 4;8266 14798 5" "D:\4-2 PROJECT\gvmc\soce_project\Flow_dir_reclas.tif" DATA</Process></lineage></DataProperties></Esri></metadata>
