<?xml version="1.0" encoding="UTF-8"?>
<metadata xml:lang="en"><Esri><CreaDate>20240705</CreaDate><CreaTime>11424800</CreaTime><ArcGISFormat>1.0</ArcGISFormat><SyncOnce>TRUE</SyncOnce><DataProperties><lineage><Process ToolSource="c:\program files (x86)\arcgis\desktop10.8\ArcToolbox\Toolboxes\Spatial Analyst Tools.tbx\FlowDirection" Date="20240705" Time="114248">FlowDirection dem_clip.tif "D:\4-2 PROJECT\gvmc\soce_project\Flow_dir.tif" NORMAL # D8</Process></lineage></DataProperties></Esri></metadata>
