<?xml version="1.0" encoding="UTF-8"?>
<metadata xml:lang="en"><Esri><CreaDate>20240705</CreaDate><CreaTime>11420100</CreaTime><ArcGISFormat>1.0</ArcGISFormat><SyncOnce>TRUE</SyncOnce><DataProperties><lineage><Process ToolSource="c:\program files (x86)\arcgis\desktop10.8\ArcToolbox\Toolboxes\Spatial Analyst Tools.tbx\Reclassify" Date="20240705" Time="114201">Reclassify Flow_acc.tif Value "0 1;0 1 2;1 4 3;4 9 4;9 14 5" "D:\4-2 PROJECT\gvmc\soce_project\Flow_acc_reclas.tif" DATA</Process></lineage></DataProperties></Esri></metadata>
