<PAMDataset>
  <PAMRasterBand band="1">
    <Histograms>
      <HistItem>
        <HistMin>-0.5</HistMin>
        <HistMax>255.5</HistMax>
        <BucketCount>256</BucketCount>
        <IncludeOutOfRange>1</IncludeOutOfRange>
        <Approximate>0</Approximate>
        <HistCounts>0|10808|8266|34|14798|36|40|6|7292|14|11|3|36|4|2|2|10842|30|17|7|36|3|4|0|39|2|3|0|7|1|3|5|5545|19|5|3|20|2|1|1|13|3|0|1|3|0|0|1|33|5|3|2|3|0|1|0|9|0|0|0|6|0|2|2|10736|29|12|4|39|7|5|2|21|4|0|0|4|2|0|0|37|2|1|0|4|0|1|0|3|0|0|1|2|0|0|0|38|6|6|0|2|2|1|0|2|0|1|0|1|0|0|0|3|4|1|0|2|0|0|0|2|0|0|0|5|0|7|9|6346|33|8|4|15|4|0|3|6|3|0|1|0|1|1|0|13|6|1|1|5|1|1|0|2|0|0|0|0|0|0|1|16|2|0|0|1|0|0|0|1|0|0|0|0|0|0|0|0|1|1|0|0|0|1|0|1|1|0|0|0|0|1|0|44|7|1|8|3|2|1|5|0|0|0|0|4|0|0|1|4|2|0|0|1|0|0|0|2|0|0|0|0|0|0|2|3|0|0|3|0|0|0|6|1|0|0|0|0|0|0|0|3|6|0|0|0|0|0|9|0|2|0|0|0|2|0|163</HistCounts>
      </HistItem>
    </Histograms>
  </PAMRasterBand>
</PAMDataset>
