<?xml version="1.0" encoding="UTF-8"?>
<metadata xml:lang="en"><Esri><CreaDate>20240705</CreaDate><CreaTime>11285900</CreaTime><ArcGISFormat>1.0</ArcGISFormat><SyncOnce>TRUE</SyncOnce><DataProperties><lineage><Process ToolSource="c:\program files (x86)\arcgis\desktop10.8\ArcToolbox\Toolboxes\Conversion Tools.tbx\PolygonToRaster" Date="20240705" Time="112859">PolygonToRaster geology GROUP_ "D:\4-2 PROJECT\gvmc\soce_project\geology_rast.tif" CELL_CENTER NONE 0.0014</Process></lineage></DataProperties></Esri></metadata>
