<?xml version="1.0" encoding="UTF-8"?>
<metadata xml:lang="en"><Esri><CreaDate>20240702</CreaDate><CreaTime>15171100</CreaTime><ArcGISFormat>1.0</ArcGISFormat><SyncOnce>TRUE</SyncOnce><DataProperties><lineage><Process ToolSource="c:\program files (x86)\arcgis\desktop10.8\ArcToolbox\Toolboxes\Spatial Analyst Tools.tbx\WeightedOverlay" Date="20240702" Time="151711">WeightedOverlay "('lulc_rast.tif' 100 'Level1' ('Forest' 1; 'Agricultural land' 2; 'Waste Lands' 5; 'Water Bodies' 1; 'Wet Lands' 1;NODATA NODATA); 'slope_rast1.tif' 0 'Value' (1 5; 2 4; 3 3; 4 2; 5 1;NODATA NODATA); 'residential area' 0 'Value' (500 1; 800 2; 1000 3; 1500 4; 1800 5;NODATA NODATA); 'distance_from_road' 0 'Value' (200 5; 400 4; 600 3; 800 2; 1000 1;NODATA NODATA); 'Distance_from_river' 0 'Value' (200 1; 400 2; 800 3; 1200 4; 1500 5;NODATA NODATA));1 5 1" "D:\4-2 PROJECT\gvmc\weighted_overlay1.tif"</Process></lineage></DataProperties></Esri></metadata>
