<?xml version="1.0" encoding="UTF-8"?>
<metadata xml:lang="en"><Esri><CreaDate>20240705</CreaDate><CreaTime>12094600</CreaTime><ArcGISFormat>1.0</ArcGISFormat><SyncOnce>TRUE</SyncOnce><DataProperties><lineage><Process ToolSource="c:\program files (x86)\arcgis\desktop10.8\ArcToolbox\Toolboxes\Spatial Analyst Tools.tbx\WeightedOverlay" Date="20240705" Time="120946">WeightedOverlay "('slope_reclas.tif' 6 'Value' (1 5; 2 4; 3 3; 4 2; 5 1;NODATA NODATA); 'residential_rast.tif' 9 'Value' (500 1; 800 2; 1000 3; 1500 4; 1800 5;NODATA NODATA); 'lulc_rast.tif' 43 'Level1' ('Forest' 1; 'Agricultural land' 2; 'Waste Lands' 5; 'Water Bodies' 1; 'Wet Lands' 1;NODATA NODATA); 'proximity_stream_rast.tif' 18 'Value' (200 1; 400 2; 600 3; 800 4; 1000 5;NODATA NODATA); 'proximity_roads_rast.tif' 24 'Value' (100 5; 200 4; 300 3; 600 2; 1000 1;NODATA NODATA));1 9 1" "D:\4-2 PROJECT\gvmc\soce_project\weighted_overlay.tif"</Process></lineage></DataProperties></Esri></metadata>
